CustomerID,Age,Gender,AnnualSalary,CreditScore,YearsEmployed,DebtToIncomeRatio,Savings,CarAgePreference,PurchaseCar
1001,59,Male,5046238,841,1,0.18,5762044,8,No
1002,49,Female,6763135,602,3,0.2,1126941,9,No
1003,35,Female,9614131,633,1,0.39,515982,5,No
1004,28,Female,14223442,663,10,0.58,2588568,0,No
1005,41,Male,4399865,686,1,0.48,323146,2,No
1006,59,Female,13388398,702,3,0.26,5568971,2,Yes
1007,39,Male,6182287,705,5,0.35,5503174,9,Yes
1008,43,Male,14256244,638,6,0.17,6174152,3,Yes
1009,31,Male,8790340,703,9,0.1,1214795,5,Yes
1010,31,Male,1839458,635,13,0.6,1439330,6,No
1011,44,Male,4572811,696,18,0.24,7180030,9,No
1012,56,Female,3117336,690,11,0.17,2727747,3,Yes
1013,60,Female,13349043,711,2,0.53,5428445,5,Yes
1014,44,Male,3563642,701,12,0.48,7120839,10,No
1015,23,Female,8489684,615,5,0.49,2459381,0,No
1016,42,Male,10998499,687,7,0.21,4802820,7,Yes
1017,22,Female,4588340,702,4,0.21,7076492,6,No
1018,44,Female,11608470,547,14,0.2,3620599,10,Yes
1019,50,Female,997775,628,0,0.17,6909216,10,Yes
1020,58,Female,3186488,699,2,0.51,7177325,8,No
1021,22,Female,1587494,787,4,0.64,5211224,2,No
1022,41,Male,6651244,716,3,0.56,2993295,1,Yes
1023,53,Male,6132660,792,15,0.6,3333616,0,No
1024,32,Female,10389801,618,9,0.33,127175,2,No
1025,42,Male,7637433,670,11,0.51,2735747,4,Yes
1026,45,Female,13131942,714,13,0.3,2128808,10,Yes
1027,47,Male,12198366,464,13,0.42,1407453,1,Yes
1028,48,Female,5883769,771,1,0.39,3061786,2,No
1029,36,Female,1333636,501,4,0.17,145028,3,No
1030,35,Female,12226978,730,4,0.32,1608242,6,No
1031,23,Male,5032406,705,5,0.72,7532344,2,No
1032,57,Male,13457372,463,12,0.22,4735754,8,No
1033,27,Female,14796266,467,8,0.14,7482525,7,Yes
1034,41,Female,12424266,765,14,0.34,4369453,3,Yes
1035,29,Male,10964811,747,11,0.6,4998008,0,Yes
1036,59,Male,3076360,580,6,0.46,5495315,0,Yes
1037,38,Male,5208249,579,19,0.53,213834,0,No
1038,24,Male,5226219,691,1,0.18,2417555,0,No
1039,45,Male,11723237,649,6,0.48,1279787,7,Yes
1040,34,Female,9714438,734,5,0.28,3062359,2,Yes
1041,29,Male,2132397,688,11,0.63,1375569,5,No
1042,46,Female,8317836,777,1,0.49,7733944,2,Yes
1043,22,Female,11324841,728,2,0.19,1466828,10,Yes
1044,40,Male,9906824,708,4,0.1,6169021,4,Yes
1045,48,Male,7446705,622,4,0.08,2464165,6,Yes
1046,27,Female,6262810,616,0,0.31,7254776,1,No
1047,28,Male,14188409,646,7,0.24,3258823,5,Yes
1048,55,Female,9705921,797,11,0.5,7507918,5,Yes
1049,34,Male,14646020,617,3,0.4,5101646,10,Yes
1050,37,Male,7703836,671,12,0.24,3675654,2,No
1051,56,Male,12853668,470,14,0.15,335711,5,Yes
1052,60,Female,12651173,704,10,0.14,5328172,9,Yes
1053,24,Male,10526290,831,6,0.66,1173389,9,Yes
1054,22,Female,14459783,575,2,0.22,6962880,4,Yes
1055,26,Male,14445295,850,8,0.51,625919,1,Yes
1056,24,Female,7043669,665,6,0.62,6351341,8,No
1057,49,Male,2086643,444,9,0.48,6270043,7,No
1058,38,Female,10722192,619,9,0.65,3381106,2,Yes
1059,46,Female,9115390,756,11,0.32,902746,7,No
1060,54,Female,7000646,810,8,0.72,5620111,8,Yes
1061,30,Female,7783896,707,0,0.14,472381,2,No
1062,56,Female,9583148,775,4,0.12,1026433,2,Yes
1063,34,Female,11803683,556,16,0.51,4704548,1,No
1064,51,Male,6209861,596,7,0.71,2721252,7,Yes
1065,35,Female,5739003,516,10,0.62,4950164,9,No
1066,28,Female,7111326,602,10,0.1,1570943,0,No
1067,34,Female,5946386,711,0,0.25,5613667,7,Yes
1068,43,Male,13631595,667,19,0.7,6386356,6,No
1069,60,Male,9215398,719,10,0.23,5729042,6,Yes
1070,41,Male,10880346,575,4,0.6,451067,2,Yes
1071,36,Female,12097481,580,14,0.63,7144176,0,No
1072,38,Male,1248345,666,4,0.4,5365572,3,No
1073,44,Male,9937682,602,11,0.32,510796,8,Yes
1074,46,Female,8627494,754,4,0.37,7790616,4,Yes
1075,45,Female,4485501,600,16,0.21,6164748,0,No
1076,49,Male,2679490,610,16,0.67,6044376,4,No
1077,35,Female,13076465,684,11,0.37,5339283,7,Yes
1078,21,Female,5784445,619,3,0.67,5908338,7,Yes
1079,45,Female,7739705,551,14,0.12,5039904,4,Yes
1080,27,Female,12364691,562,5,0.74,1054001,8,Yes
1081,29,Male,7802587,693,11,0.36,362023,0,No
1082,44,Female,7542471,541,19,0.08,3255599,3,Yes
1083,21,Male,2254908,762,3,0.08,6320016,2,No
1084,28,Male,11442302,595,10,0.57,7370583,1,Yes
1085,44,Male,4119144,699,1,0.51,7872636,7,No
1086,31,Male,9493670,600,8,0.61,4736166,6,Yes
1087,37,Female,6606466,577,4,0.12,3227902,8,Yes
1088,28,Female,6544588,670,10,0.07,805111,1,Yes
1089,55,Female,14249563,734,0,0.41,2370715,3,Yes
1090,55,Male,6104509,630,2,0.32,2284805,5,No
1091,53,Male,8468216,645,5,0.37,4354459,10,No
1092,25,Male,5749499,715,4,0.74,6675453,2,No
1093,59,Female,3187312,717,20,0.73,1949054,7,Yes
1094,48,Male,4493976,647,4,0.71,3507550,2,Yes
1095,27,Female,6862903,615,0,0.6,1600184,1,Yes
1096,29,Female,5208224,657,11,0.3,4224482,2,No
1097,28,Female,4835493,635,10,0.34,3323523,10,No
1098,32,Female,12577140,675,13,0.43,138668,5,No
1099,54,Male,10614149,554,11,0.63,2884837,1,Yes
1100,53,Female,6503737,672,9,0.1,7011383,7,Yes
1101,43,Male,2671403,593,19,0.35,3669348,0,Yes
1102,44,Female,6547372,722,20,0.11,1974914,6,Yes
1103,57,Male,5648287,596,17,0.41,7320904,1,Yes
1104,55,Male,6458796,598,10,0.68,6328812,9,Yes
1105,60,Female,1621052,686,1,0.6,4060162,5,No
1106,42,Female,10995758,651,17,0.21,4797395,1,Yes
1107,47,Female,3025300,832,6,0.73,2820742,1,No
1108,55,Male,2655567,520,14,0.52,2820374,9,Yes
1109,21,Female,2334837,659,3,0.06,3632299,7,No
1110,55,Female,12689876,740,17,0.23,3095915,1,Yes
1111,57,Male,4138442,604,11,0.23,7620179,6,Yes
1112,34,Female,5726203,577,5,0.1,7346405,2,No
1113,23,Male,13642659,580,5,0.72,6896539,7,No
1114,21,Female,13998562,521,3,0.38,5800700,6,No
1115,25,Male,1223570,758,7,0.68,320914,7,No
1116,46,Male,3173139,624,15,0.28,7925413,6,No
1117,34,Female,6021816,614,16,0.14,4159803,10,Yes
1118,59,Male,10046766,480,9,0.38,5686289,5,No
1119,47,Female,2914792,535,7,0.13,412455,6,No
1120,29,Female,9241136,767,11,0.39,4524017,4,No
1121,35,Male,2673421,674,17,0.69,1084586,6,No
1122,35,Female,7350670,743,0,0.41,6090502,0,No
1123,46,Male,6881950,733,7,0.48,6142136,0,Yes
1124,33,Male,11786868,570,5,0.16,1796688,8,Yes
1125,52,Male,7725877,844,4,0.08,5980567,4,No
1126,59,Male,10605685,806,14,0.13,5597094,4,Yes
1127,52,Male,6767106,605,14,0.47,3150581,2,No
1128,24,Male,12484495,365,1,0.12,2711637,4,No
1129,50,Male,12506838,621,0,0.31,3722277,2,Yes
1130,57,Male,11441336,669,10,0.44,2134504,8,No
1131,43,Female,5918922,605,9,0.32,4207137,8,No
1132,59,Female,7977545,632,17,0.16,2304736,5,Yes
1133,35,Male,5922783,584,17,0.24,3071372,0,No
1134,49,Female,14442511,724,16,0.7,7738971,6,Yes
1135,56,Female,11673803,655,7,0.52,2438229,6,No
1136,33,Female,6328983,726,14,0.4,3171881,9,Yes
1137,52,Female,13449115,748,7,0.06,4904042,9,No
1138,27,Female,960775,476,9,0.74,5857751,3,No
1139,42,Female,8149369,588,11,0.52,2521378,7,Yes
1140,48,Male,3467867,600,7,0.27,6164683,5,No
1141,22,Female,10751907,850,4,0.67,3880121,3,Yes
1142,26,Female,12658009,662,3,0.23,3612944,3,Yes
1143,48,Female,7455623,715,0,0.43,5403912,1,No
1144,48,Female,8486841,500,0,0.5,5499820,1,Yes
1145,40,Male,12964411,661,18,0.2,1403324,3,Yes
1146,50,Male,7778737,728,15,0.73,6803008,4,Yes
1147,31,Male,2144027,719,13,0.57,6174386,7,No
1148,48,Male,4966500,700,20,0.44,3422455,5,No
1149,45,Female,8267048,651,15,0.18,4318173,3,No
1150,59,Male,9979875,655,4,0.09,6084722,10,Yes
1151,53,Male,8684479,515,8,0.27,919807,6,No
1152,21,Male,1297562,578,1,0.58,6004284,7,Yes
1153,47,Male,13037301,668,17,0.24,7060131,1,Yes
1154,33,Female,5378238,593,5,0.43,4446720,6,Yes
1155,23,Male,4837776,705,5,0.56,4120028,1,Yes
1156,59,Female,11192776,687,0,0.13,6919989,1,Yes
1157,26,Male,4810912,759,8,0.53,2714496,7,Yes
1158,28,Female,5311732,727,10,0.11,7800957,1,Yes
1159,47,Female,6362067,668,12,0.73,2922176,10,Yes
1160,29,Male,6037196,710,8,0.39,1419277,8,No
1161,57,Male,5685211,730,20,0.16,5572567,0,No
1162,53,Male,6926319,609,12,0.29,6772090,8,No
1163,44,Male,11368604,624,8,0.34,799971,0,No
1164,35,Female,2400396,642,10,0.58,2643659,9,No
1165,52,Female,4111149,612,3,0.57,7372464,9,No
1166,52,Male,9311010,731,1,0.48,4216233,1,Yes
1167,44,Male,10355196,600,5,0.12,7799972,5,No
1168,32,Female,13821573,750,13,0.16,4510276,5,Yes
1169,59,Male,3296081,621,3,0.12,7506688,0,Yes
1170,22,Female,11866226,688,4,0.45,7407119,6,Yes
1171,23,Male,13956607,663,5,0.66,4125837,7,Yes
1172,57,Female,13846468,572,5,0.35,1392057,1,No
1173,37,Female,1375278,648,1,0.16,2283706,7,No
1174,22,Female,5987480,677,4,0.44,6144645,8,Yes
1175,22,Female,1978049,645,4,0.62,535757,5,No
1176,48,Female,3880201,543,8,0.57,2104376,4,Yes
1177,43,Male,13860919,786,18,0.67,2329176,8,Yes
1178,57,Female,7936029,657,12,0.24,1235111,10,No
1179,52,Male,12751345,586,10,0.19,5011828,8,Yes
1180,53,Female,4264442,780,0,0.67,5887616,0,Yes
1181,21,Female,10463340,699,3,0.51,7918968,10,Yes
1182,39,Male,4114692,554,20,0.27,7782752,2,No
1183,22,Male,13382006,566,4,0.57,2442919,8,Yes
1184,46,Male,5519607,632,0,0.62,1550948,10,No
1185,52,Male,7085088,674,11,0.48,6377090,1,Yes
1186,26,Female,1910389,700,6,0.53,4157834,3,No
1187,52,Male,9216320,726,14,0.31,6718198,3,Yes
1188,24,Female,13260255,693,6,0.43,2458630,1,No
1189,31,Male,4712942,758,13,0.42,5099384,2,No
1190,37,Male,9301424,660,0,0.64,1644918,2,No
1191,58,Female,8268810,589,16,0.64,5887196,0,No
1192,44,Female,2435156,650,16,0.63,6887951,5,No
1193,25,Male,9323838,644,2,0.06,4718170,7,Yes
1194,54,Female,10955224,444,11,0.57,2752994,2,Yes
1195,26,Female,5801045,605,5,0.58,5969626,4,Yes
1196,42,Female,5263418,675,10,0.52,2754716,0,No
1197,31,Female,10571802,616,2,0.58,7318478,9,No
1198,36,Female,12289968,598,7,0.64,5607805,6,Yes
1199,53,Female,11070156,723,13,0.38,4952444,9,No
1200,29,Female,5145760,577,11,0.4,242512,0,No
1201,26,Female,7953768,707,8,0.14,5206007,10,Yes
1202,36,Male,4051298,543,1,0.32,5825378,8,Yes
1203,49,Female,5265150,850,13,0.5,3764379,7,Yes
1204,23,Male,9189012,633,5,0.6,6059415,6,Yes
1205,40,Female,8049903,624,2,0.2,5895447,9,Yes
1206,56,Female,5697590,741,20,0.15,4435724,6,Yes
1207,39,Female,6989573,617,7,0.51,4954948,4,No
1208,46,Female,2123483,766,15,0.05,1599420,4,No
1209,23,Male,2522320,680,1,0.17,2125915,10,No
1210,39,Male,14098372,641,5,0.07,3398924,4,No
1211,40,Female,3132517,632,20,0.17,3395647,0,No
1212,52,Male,13725698,747,11,0.18,7805680,7,Yes
1213,27,Female,3996340,668,4,0.32,6598780,10,No
1214,53,Female,14192918,685,1,0.33,7060905,0,Yes
1215,60,Male,14436297,693,15,0.66,3950379,3,Yes
1216,59,Male,9351881,661,4,0.41,3854409,8,Yes
1217,38,Female,13043026,692,14,0.56,3014932,8,Yes
1218,60,Female,6187408,641,11,0.12,6772055,4,Yes
1219,21,Male,12841300,646,3,0.21,6717416,3,Yes
1220,31,Female,6492493,560,13,0.54,7075498,2,Yes
1221,48,Male,9047752,674,10,0.09,697341,2,Yes
1222,45,Female,1887341,512,15,0.39,1570982,4,No
1223,43,Female,6995200,673,5,0.47,3379693,9,No
1224,51,Male,4777266,628,13,0.47,7556924,0,No
1225,50,Male,6358956,680,17,0.07,6331646,4,Yes
1226,55,Male,3831756,566,11,0.28,4048422,5,Yes
1227,27,Female,1643523,480,9,0.5,6476288,6,No
1228,36,Female,9734845,622,12,0.15,1251838,8,No
1229,46,Female,14632640,566,20,0.54,2214563,2,Yes
1230,22,Female,14083815,508,4,0.57,4529825,1,Yes
1231,21,Male,4840479,711,3,0.74,3635681,2,No
1232,32,Female,892193,778,14,0.2,5231377,8,Yes
1233,25,Female,12370523,586,7,0.63,5331091,6,Yes
1234,57,Female,13888862,644,14,0.41,4458285,8,Yes
1235,52,Male,1986887,625,3,0.31,6607344,1,Yes
1236,29,Female,12196646,597,10,0.14,5025230,4,Yes
1237,55,Female,9696761,703,18,0.56,2434291,3,Yes
1238,39,Male,4134817,731,14,0.22,2145588,1,No
1239,36,Female,12770677,581,3,0.31,2705982,8,Yes
1240,23,Female,14743554,654,5,0.09,4254955,8,Yes
1241,40,Male,3515514,753,12,0.61,3294967,5,Yes
1242,44,Female,14070321,705,18,0.59,5109667,10,Yes
1243,53,Female,3458571,717,1,0.56,3035696,5,Yes
1244,44,Female,5634357,759,13,0.26,487625,7,No
1245,31,Male,14243307,758,3,0.17,3351106,5,Yes
1246,28,Female,10868356,732,10,0.5,5443038,0,No
1247,56,Female,11411677,662,20,0.4,7797624,3,No
1248,58,Male,7902173,619,19,0.17,1422070,6,Yes
1249,60,Male,12634106,658,13,0.53,2480721,1,Yes
1250,40,Female,5692472,607,14,0.74,2643726,8,Yes
1251,55,Female,1281680,494,2,0.57,6771308,7,Yes
1252,45,Female,5965679,628,7,0.57,4068280,7,No
1253,55,Female,6980142,679,15,0.72,2592017,6,Yes
1254,45,Male,11825302,603,9,0.19,5720706,3,Yes
1255,49,Female,6087118,635,3,0.45,4500252,1,Yes
1256,38,Male,14209108,638,17,0.74,1620057,2,No
1257,38,Male,12149901,759,1,0.17,911069,5,Yes
1258,22,Female,4900673,621,4,0.54,5764129,4,Yes
1259,55,Female,2334026,759,12,0.46,906626,7,Yes
1260,36,Male,9504434,433,3,0.46,5107653,5,No
1261,56,Male,4267366,758,10,0.54,2211352,5,No
1262,53,Female,1127359,754,6,0.7,5398728,0,Yes
1263,24,Male,12937211,722,6,0.6,156022,3,Yes
1264,53,Female,13389861,489,9,0.09,2849131,4,Yes
1265,34,Female,12048945,732,6,0.65,5705635,10,Yes
1266,41,Male,1117537,646,12,0.21,5025045,2,No
1267,40,Male,7753757,448,6,0.31,6139370,8,No
1268,28,Female,1350222,754,10,0.37,3257796,0,No
1269,27,Male,5775026,766,9,0.39,520529,5,No
1270,23,Female,8595134,498,5,0.35,3033516,5,Yes
1271,37,Female,3373619,664,3,0.71,211445,9,No
1272,53,Female,3253752,761,19,0.54,3884242,4,No
1273,32,Male,10552741,748,3,0.49,3332831,4,Yes
1274,42,Female,8065760,717,6,0.08,4468909,9,No
1275,42,Female,11120855,438,0,0.68,6544503,4,Yes
1276,50,Female,2153038,708,11,0.69,7150673,5,No
1277,58,Female,9439483,633,12,0.6,6591224,7,Yes
1278,58,Female,5457693,730,9,0.05,734029,1,Yes
1279,28,Female,5064694,670,10,0.09,5387355,5,No
1280,47,Female,1507689,648,12,0.21,560370,0,No
1281,47,Female,13636402,701,20,0.14,6868026,3,Yes
1282,54,Female,10804560,636,8,0.33,7031440,9,No
1283,41,Female,2096516,648,8,0.7,1802374,2,No
1284,50,Female,11718787,606,14,0.38,4465276,8,Yes
1285,53,Male,10745225,522,9,0.06,4049694,2,Yes
1286,48,Female,4263351,695,9,0.25,3358505,5,Yes
1287,53,Female,10453648,586,7,0.08,5985677,0,Yes
1288,25,Female,14942224,634,7,0.08,258944,5,No
1289,39,Male,2654971,673,16,0.24,5236686,3,Yes
1290,24,Female,9838807,483,4,0.24,5936174,7,No
1291,55,Male,13223236,501,3,0.6,7626472,10,No
1292,37,Female,2649396,626,17,0.73,2875494,8,No
1293,48,Female,3491276,686,18,0.31,1411303,3,Yes
1294,50,Male,9817469,710,3,0.35,4251765,9,Yes
1295,49,Female,3326954,523,6,0.64,2944100,9,Yes
1296,26,Male,7349546,701,8,0.24,4716805,5,Yes
1297,55,Male,8807407,630,17,0.16,1247162,0,Yes
1298,57,Female,8185034,579,18,0.65,1096161,3,No
1299,44,Female,7863410,598,3,0.08,6724851,6,Yes
1300,49,Female,9850222,714,9,0.48,4738482,0,No
1301,51,Female,14062486,672,0,0.44,6246652,7,Yes
1302,55,Male,13881782,654,17,0.29,6572952,9,Yes
1303,53,Male,12546127,669,4,0.27,7033604,10,Yes
1304,41,Female,8801482,724,14,0.59,1829685,5,No
1305,52,Male,9855605,642,16,0.11,1947501,4,No
1306,43,Male,10914959,654,2,0.22,4804619,9,Yes
1307,53,Female,1872647,741,11,0.56,7221435,10,Yes
1308,23,Male,2431107,623,1,0.43,6515377,8,No
1309,38,Male,10217063,699,0,0.14,6179439,1,Yes
1310,45,Female,5906563,610,20,0.67,723218,4,Yes
1311,51,Male,9034679,617,16,0.33,3935250,5,Yes
1312,23,Female,7263768,642,5,0.63,653291,6,Yes
1313,60,Male,10494402,691,4,0.6,4952059,4,No
1314,44,Female,14646367,746,14,0.49,2711198,8,Yes
1315,52,Male,6406594,658,2,0.4,6657912,0,No
1316,42,Male,2750367,530,6,0.74,5623694,6,No
1317,43,Female,2710705,701,10,0.15,5278566,9,No
1318,22,Female,2401596,846,4,0.56,2229431,6,No
1319,47,Female,4591481,659,8,0.18,4259738,3,No
1320,22,Female,5923122,513,4,0.29,769407,8,Yes
1321,46,Male,8557202,664,12,0.27,2588143,10,No
1322,37,Male,7148564,650,1,0.71,387913,4,No
1323,60,Male,4950276,643,2,0.73,3965770,3,No
1324,53,Female,6523601,726,6,0.18,6341256,6,Yes
1325,29,Male,6154075,760,11,0.07,378821,3,Yes
1326,59,Male,6079548,705,17,0.55,2230707,2,Yes
1327,49,Female,3182357,639,2,0.34,1751243,8,No
1328,46,Female,12675732,740,9,0.11,3937008,10,Yes
1329,55,Male,8704069,530,6,0.53,1862375,7,No
1330,45,Female,14430084,593,8,0.43,6518262,0,Yes
1331,44,Male,3045131,602,16,0.74,3677447,6,Yes
1332,33,Male,14581337,648,10,0.21,6775275,8,Yes
1333,27,Female,5046049,691,6,0.33,3665652,7,Yes
1334,56,Male,9280473,634,13,0.43,5243734,7,Yes
1335,40,Female,13233196,578,18,0.6,118803,5,Yes
1336,21,Female,6255770,728,3,0.43,7822580,10,No
1337,28,Male,1872200,631,5,0.48,6171015,3,No
1338,36,Male,11309081,658,9,0.21,857744,7,Yes
1339,34,Male,11689464,694,6,0.64,798736,2,No
1340,32,Female,3706158,653,12,0.35,5770622,8,No
1341,43,Male,13257080,653,13,0.15,749539,1,No
1342,35,Female,2022869,732,3,0.51,295404,1,Yes
1343,48,Female,11472477,662,7,0.2,6983705,6,No
1344,54,Male,3925354,719,4,0.12,5595403,9,Yes
1345,22,Female,13271102,694,0,0.65,67297,3,Yes
1346,52,Male,10618159,811,3,0.37,838443,9,Yes
1347,43,Male,11469628,683,2,0.57,3705074,7,No
1348,42,Male,11945552,701,8,0.25,3315962,8,Yes
1349,45,Male,5582883,738,7,0.6,4812606,6,No
1350,42,Male,7301632,655,0,0.13,6060334,4,Yes
1351,42,Male,11476231,599,5,0.3,3076394,7,No
1352,26,Male,10102640,612,8,0.73,6173645,3,No
1353,35,Female,4782588,613,6,0.61,1277146,1,Yes
1354,57,Male,8883123,574,3,0.4,2930304,10,Yes
1355,53,Female,10756046,675,12,0.29,7139008,5,Yes
1356,28,Female,6960686,600,10,0.66,5802613,8,No
1357,25,Female,14907262,666,1,0.43,6219151,0,Yes
1358,59,Male,10106167,637,4,0.58,1383572,10,No
1359,24,Female,1435605,647,6,0.58,7731415,9,Yes
1360,26,Female,8279821,694,8,0.06,5687025,6,Yes
1361,52,Male,5383897,607,7,0.14,4755907,9,No
1362,50,Male,10003739,701,5,0.51,665863,8,Yes
1363,55,Female,8213718,775,7,0.16,7385115,9,Yes
1364,60,Male,867661,677,17,0.23,4751669,8,Yes
1365,36,Male,7659991,587,2,0.71,3815056,9,No
1366,33,Male,8385153,601,11,0.44,7538542,10,Yes
1367,50,Male,6714988,630,2,0.58,3375315,2,Yes
1368,39,Female,7358221,602,5,0.44,5822912,10,No
1369,37,Male,14577594,571,1,0.44,5728513,4,Yes
1370,39,Male,11266615,662,11,0.12,5267092,7,Yes
1371,48,Male,2107506,632,1,0.29,878791,7,No
1372,46,Female,11159814,665,5,0.25,3870887,3,No
1373,57,Female,3701614,745,16,0.32,6702346,10,Yes
1374,46,Male,3766422,631,2,0.61,2896274,10,Yes
1375,43,Male,4508654,555,1,0.31,4889498,0,No
1376,29,Female,14236411,618,11,0.37,4445564,0,Yes
1377,32,Male,8115436,712,7,0.33,6038099,3,Yes
1378,21,Male,918033,704,3,0.12,7119337,5,Yes
1379,21,Female,9818873,691,3,0.36,7921917,7,Yes
1380,54,Male,11898917,600,4,0.19,7174981,5,Yes
1381,52,Male,6672354,710,12,0.18,7820474,8,Yes
1382,45,Female,12106866,728,14,0.12,5496079,8,No
1383,60,Female,2015502,594,15,0.3,426794,1,Yes
1384,21,Male,13814646,647,3,0.58,7874617,9,Yes
1385,36,Female,10610404,812,15,0.24,3928450,0,Yes
1386,59,Male,11951387,591,11,0.27,3083349,1,No
1387,25,Male,3119049,514,7,0.5,1571466,4,No
1388,42,Male,7092518,761,15,0.19,2530252,3,Yes
1389,49,Female,8387768,741,11,0.68,6457054,3,No
1390,23,Female,4520464,613,5,0.41,6591556,8,Yes
1391,32,Male,2992614,641,14,0.36,832877,10,No
1392,46,Male,14830933,552,2,0.44,4952825,7,Yes
1393,36,Female,14881497,657,15,0.17,7118132,5,Yes
1394,57,Female,1570173,743,12,0.48,6474697,0,Yes
1395,42,Female,11857963,607,18,0.3,3935180,1,Yes
1396,49,Male,12601112,720,7,0.68,5446004,5,Yes
1397,34,Female,14041868,687,4,0.17,3660793,10,No
1398,48,Female,6442264,696,19,0.4,7594955,1,Yes
1399,25,Male,1267010,611,7,0.47,6349492,9,No
1400,50,Male,2455016,622,11,0.07,5848946,4,Yes
1401,25,Male,10886508,502,0,0.3,7286694,4,Yes
1402,32,Female,13769105,605,14,0.56,3349973,5,Yes
1403,36,Male,5021038,743,18,0.62,5978643,5,Yes
1404,46,Male,10112483,576,5,0.27,3130977,5,No
1405,46,Male,9176430,588,17,0.61,2349899,1,Yes
1406,41,Male,11311829,701,7,0.73,2022424,9,Yes
1407,59,Female,4680993,682,6,0.65,6884544,2,No
1408,56,Male,13920110,705,0,0.13,1386092,5,Yes
1409,53,Female,14767111,557,20,0.57,5616540,7,Yes
1410,50,Female,3368103,850,15,0.27,6099850,10,No
1411,57,Female,9269872,553,11,0.74,900350,0,Yes
1412,43,Male,9211883,662,5,0.39,5176781,0,Yes
1413,30,Female,11882322,637,12,0.14,3529027,10,Yes
1414,25,Male,11648680,555,1,0.56,7097056,1,Yes
1415,56,Male,7282532,620,13,0.28,3255228,10,Yes
1416,54,Male,5996467,652,3,0.75,217647,5,No
1417,51,Female,6752793,598,0,0.74,2383679,8,No
1418,30,Male,9761343,725,12,0.51,485477,3,No
1419,39,Male,2800609,637,12,0.14,1733523,2,No
1420,52,Male,10101434,543,1,0.53,6893460,7,Yes
1421,21,Female,3497143,536,3,0.12,7786484,10,Yes
1422,25,Female,10051130,698,7,0.07,5701944,9,No
1423,24,Female,9992300,531,1,0.63,4246656,8,Yes
1424,36,Male,10349765,675,8,0.2,4377308,10,Yes
1425,44,Female,2114532,686,0,0.32,3010033,4,No
1426,36,Male,1221240,570,10,0.73,1631420,8,No
1427,22,Male,13048352,721,2,0.29,836261,1,Yes
1428,48,Female,1744789,513,19,0.26,3544708,2,Yes
1429,52,Male,12295700,674,3,0.69,7002314,6,Yes
1430,47,Female,3013573,647,17,0.13,2878630,6,Yes
1431,40,Male,9714501,640,5,0.58,4294402,5,No
1432,44,Female,3055363,556,2,0.74,3129042,5,No
1433,32,Male,14377565,575,10,0.68,6715769,1,No
1434,55,Male,13570122,780,14,0.51,2812081,9,No
1435,53,Male,9175741,747,4,0.27,6588655,5,Yes
1436,53,Male,5856861,709,19,0.23,176060,3,No
1437,57,Male,7236446,725,9,0.62,5480834,2,No
1438,32,Female,4948887,718,11,0.67,6018633,10,Yes
1439,23,Male,10395702,624,5,0.42,4374848,1,Yes
1440,21,Female,11409800,654,3,0.22,6866084,0,Yes
1441,53,Female,9857014,532,9,0.13,2846461,10,No
1442,60,Female,4468866,643,5,0.11,6948046,10,Yes
1443,30,Male,5412338,745,12,0.55,3127099,4,No
1444,49,Male,12042014,597,12,0.34,2894180,1,Yes
1445,33,Male,1833255,732,2,0.68,6808699,1,Yes
1446,32,Female,7882212,657,9,0.57,2671578,6,No
1447,51,Male,9002787,539,13,0.18,4637878,7,Yes
1448,22,Male,5789847,561,4,0.48,6809922,9,No
1449,55,Female,12241374,724,2,0.35,5116112,7,No
1450,43,Female,9729285,694,15,0.45,1722795,3,Yes
1451,37,Female,8443603,658,6,0.57,4143886,0,No
1452,46,Female,3894235,628,19,0.61,2304103,10,Yes
1453,28,Female,10360067,667,10,0.64,7209420,6,Yes
1454,49,Female,6786126,720,8,0.23,2989362,0,Yes
1455,46,Male,3659653,768,14,0.07,612060,10,Yes
1456,30,Female,11154805,772,12,0.57,5351358,3,No
1457,46,Male,1187952,680,2,0.12,1556145,7,No
1458,54,Male,11397981,636,1,0.27,2698202,1,No
1459,27,Male,13336311,662,1,0.05,1242931,5,No
1460,24,Female,1830117,692,2,0.53,6012162,5,No
1461,31,Male,3696818,691,13,0.17,4939084,8,Yes
1462,49,Female,3157821,755,13,0.51,7183456,4,Yes
1463,56,Female,9713742,819,19,0.74,921522,9,Yes
1464,45,Male,6384263,634,17,0.1,6099531,3,No
1465,41,Female,1044761,822,9,0.1,7185057,4,Yes
1466,56,Male,12118706,744,1,0.29,1592247,9,Yes
1467,30,Male,12160428,642,0,0.66,6940709,10,Yes
1468,57,Female,9186180,770,3,0.2,4422216,4,Yes
1469,29,Male,14330521,785,11,0.3,6517223,7,Yes
1470,44,Male,864323,613,0,0.1,6577737,9,Yes
1471,55,Male,2037715,789,13,0.58,2231906,7,No
1472,55,Female,8840979,736,15,0.34,652276,1,Yes
1473,56,Male,1754480,839,13,0.58,1550134,6,Yes
1474,38,Female,11521419,616,19,0.68,2654884,7,No
1475,59,Female,7481134,622,2,0.21,6491479,10,No
1476,52,Male,1654016,488,2,0.62,1755243,5,No
1477,44,Male,6147417,696,8,0.09,4324692,4,Yes
1478,43,Female,10053517,680,5,0.68,4072928,10,Yes
1479,52,Female,6609701,605,12,0.51,289779,8,Yes
1480,57,Male,14171172,643,20,0.66,3025605,2,Yes
1481,32,Male,10239101,545,1,0.05,5149154,9,No
1482,33,Female,9471370,746,7,0.17,6548302,3,Yes
1483,43,Female,10793726,611,20,0.32,4938639,8,Yes
1484,45,Female,3683427,850,1,0.32,5279658,5,Yes
1485,55,Female,2216012,636,3,0.21,5425092,7,No
1486,50,Female,6552810,589,14,0.32,6339249,6,No
1487,37,Male,1371650,617,3,0.14,6235226,10,No
1488,40,Female,5276576,537,12,0.34,838140,1,No
1489,45,Female,9574533,689,11,0.61,6214014,2,Yes
1490,42,Male,3663793,616,12,0.39,3608539,0,Yes
1491,33,Male,5709047,741,13,0.06,3796037,8,No
1492,39,Female,7681289,628,19,0.35,7549412,6,Yes
1493,56,Female,8222212,761,17,0.07,7434821,0,Yes
1494,32,Male,4557974,711,5,0.73,6266074,2,Yes
1495,39,Female,9591689,652,10,0.14,2173238,3,Yes
1496,32,Female,8011179,776,1,0.55,7669035,3,No
1497,29,Male,11587713,726,11,0.73,4776276,4,No
1498,27,Female,9567500,850,9,0.63,5383968,2,No
1499,48,Male,4999591,617,4,0.54,4638727,2,Yes
1500,34,Male,6300545,656,16,0.64,1668963,0,No
